{
  "coupons": [
    {
      "id": "507f1f77bcf86cd799439011",
      "code": "SAVE20",
      "discount_type": "percentage",
      "discount_value": 20,
      "min_purchase": 50,
      "max_discount": 500,
      "valid_from": "2024-01-01T00:00:00Z",
      "valid_to": "2024-12-31T23:59:59Z",
      "is_active": true,
      "usage_limit": 1000,
      "times_used": 245,
      "per_user_limit": 3,
      "applicable_products": [],
      "excluded_products": [],
      "description": "Get 20% off on all purchases above $50",
      "created_at": "2024-01-01T00:00:00Z",
      "updated_at": "2024-10-18T14:22:00Z"
    }
  ]
}
