{
  "orders": [
    {
      "id": "507f1f77bcf86cd799439011",
      "user_id": "507f1f77bcf86cd799439011",
      "order_items": [
        {
          "id": "item001",
          "product_id": "507f1f77bcf86cd799439011",
          "name": "RTX 4090 Graphics Card",
          "image": "https://images.unsplash.com/photo-1587829191301-4b13aaf5a52f?w=80",
          "price": 1599.99,
          "quantity": 1,
          "price_snapshot": 1599.99
        }
      ],
      "shipping_address": {
        "address": "123 Main Street",
        "city": "San Francisco",
        "state": "CA",
        "postal_code": "94102",
        "country": "United States",
        "full_name": "John Doe"
      },
      "payment_method": "stripe",
      "payment_result": { "id": "pi_123", "status": "succeeded" },
      "items_price": 1599.99,
      "discount_amount": 0,
      "shipping_price": 25.0,
      "tax_price": 184.0,
      "total_price": 1808.99,
      "is_paid": true,
      "paid_at": "2024-01-15T10:30:00Z",
      "is_delivered": true,
      "delivered_at": "2024-01-18T14:20:00Z",
      "status": "delivered",
      "return_status": "none",
      "created_at": "2024-01-15T10:00:00Z",
      "updated_at": "2024-01-18T14:20:00Z"
    }
  ]
}
