{
  "products": [
    {
      "id": "507f1f77bcf86cd799439011",
      "name": "RTX 4090 Graphics Card",
      "sku": "RTX-4090-001",
      "category": "GPU",
      "brand": "NVIDIA",
      "original_price": 1599.99,
      "discount_percentage": 10,
      "final_price": 1439.99,
      "stock": 15,
      "availability": "In Stock",
      "images": ["https://images.unsplash.com/photo-1587829191301-4b13aaf5a52f?w=500"],
      "description": "High-performance graphics card with 24GB GDDR6X memory.",
      "specifications": { "memory": "24GB GDDR6X", "cores": "16384" },
      "ratings": { "average": 4.8, "totalReviews": 342 },
      "features": ["Ray Tracing", "DLSS 3"],
      "warranty": "3 years",
      "weight": 1.2,
      "dimensions": { "length": 320, "width": 112, "height": 57 },
      "is_active": true,
      "is_featured": true,
      "sales_count": 287,
      "created_at": "2024-01-15T10:30:00Z",
      "updated_at": "2024-10-18T14:22:00Z"
    },
    {
      "id": "507f1f77bcf86cd799439012",
      "name": "Intel Core i9-14900K",
      "sku": "I9-14900K-001",
      "category": "CPU",
      "brand": "Intel",
      "original_price": 699.99,
      "discount_percentage": 5,
      "final_price": 664.99,
      "stock": 8,
      "availability": "In Stock",
      "images": ["https://images.unsplash.com/photo-1591290621749-2127ba37f058?w=500"],
      "description": "24 cores and 32 threads for high-performance computing.",
      "specifications": { "cores": "24", "threads": "32", "base_clock": "3.2 GHz" },
      "ratings": { "average": 4.9, "totalReviews": 521 },
      "features": ["Hyper-Threading", "DDR5 Support"],
      "warranty": "3 years",
      "weight": 0.3,
      "dimensions": { "length": 37.5, "width": 37.5, "height": 5.2 },
      "is_active": true,
      "is_featured": true,
      "sales_count": 412,
      "created_at": "2024-01-10T08:15:00Z",
      "updated_at": "2024-10-18T14:22:00Z"
    }
  ]
}
