[
  {
    "id": "rev001",
    "product_id": "507f1f77bcf86cd799439011",
    "user_id": "507f1f77bcf86cd799439011",
    "rating": 5,
    "title": "Incredible Performance",
    "comment": "This GPU is absolutely amazing!",
    "verified_purchase": true,
    "helpful_votes": 245,
    "reported": false,
    "report_reason": null,
    "media": ["https://example.com/review1.jpg"],
    "platform": "NVIDIA CUDA",
    "playtime_hours": null,
    "is_active": true,
    "created_at": "2024-10-15T10:30:00Z",
    "updated_at": "2024-10-15T10:30:00Z"
  }
]
