{
  "revenueData": [
    { "date": "Jan 1", "revenue": 4000, "target": 3500 },
    { "date": "Jan 2", "revenue": 3000, "target": 3500 },
    { "date": "Jan 3", "revenue": 2000, "target": 3500 },
    { "date": "Jan 4", "revenue": 2780, "target": 3500 },
    { "date": "Jan 5", "revenue": 1890, "target": 3500 },
    { "date": "Jan 6", "revenue": 2390, "target": 3500 },
    { "date": "Jan 7", "revenue": 3490, "target": 3500 }
  ],
  "topProducts": [
    { "name": "Product A", "sales": 4000 },
    { "name": "Product B", "sales": 3000 },
    { "name": "Product C", "sales": 2000 },
    { "name": "Product D", "sales": 2780 },
    { "name": "Product E", "sales": 1890 }
  ]
}
