[
  {
    "id": "p_gpu_1",
    "name": "CustomForge Shadow RTX 4070",
    "slug": "shadow-rtx-4070",
    "sku": "CF-GPU-4070",
    "brand": "NVIDIA",
    "category": "GPU",
    "originalPrice": 54900,
    "discountPercentage": 10,
    "finalPrice": 49410,
    "stock": 25,
    "availability": "In Stock",
    "warranty": "3 Years",
    "isFeatured": true,
    "isActive": true,
    "ratings": { "average": 4.7, "totalReviews": 214 },
    "images": ["/gpu-nvidia-rtx-4070.jpg"],
    "description": "High-efficiency 1440p gaming GPU with DLSS3 and ray tracing support.",
    "specifications": [
      { "key": "VRAM", "value": "12GB GDDR6X" },
      { "key": "Boost Clock", "value": "2.5GHz" },
      { "key": "CUDA Cores", "value": "5888" },
      { "key": "Power", "value": "200W" }
    ],
    "features": ["DLSS 3.0", "Ray Tracing", "8K Ready", "VR Ready"],
    "createdAt": "2024-01-15T10:00:00Z",
    "salesCount": 45
  },
  {
    "id": "p_cpu_1",
    "name": "CustomForge Ember i7 13700K",
    "slug": "ember-i7-13700k",
    "sku": "CF-CPU-13700K",
    "brand": "Intel",
    "category": "CPU",
    "originalPrice": 38900,
    "discountPercentage": 5,
    "finalPrice": 36955,
    "stock": 18,
    "availability": "In Stock",
    "warranty": "3 Years",
    "isFeatured": true,
    "isActive": true,
    "ratings": { "average": 4.6, "totalReviews": 120 },
    "images": ["/cpu-intel-i7-13700k.jpg"],
    "description": "Hybrid architecture performance for creators and gamers with 16 cores.",
    "specifications": [
      { "key": "Cores", "value": "16 (8P + 8E)" },
      { "key": "Threads", "value": "24" },
      { "key": "Base Clock", "value": "3.4GHz" },
      { "key": "Boost Clock", "value": "5.4GHz" }
    ],
    "features": ["Unlocked", "Intel Thread Director", "PCIe 5.0"],
    "createdAt": "2024-01-10T10:00:00Z",
    "salesCount": 38
  },
  {
    "id": "p_mb_1",
    "name": "CustomForge Nexus B650",
    "slug": "nexus-b650",
    "sku": "CF-MB-B650",
    "brand": "ASUS",
    "category": "Motherboard",
    "originalPrice": 18900,
    "discountPercentage": 0,
    "finalPrice": 18900,
    "stock": 30,
    "availability": "In Stock",
    "warranty": "2 Years",
    "isFeatured": false,
    "isActive": true,
    "ratings": { "average": 4.5, "totalReviews": 80 },
    "images": ["/motherboard-asus-b650.jpg"],
    "description": "PCIe 5.0 ready motherboard with robust power stages for AMD Ryzen.",
    "specifications": [
      { "key": "Socket", "value": "AM5" },
      { "key": "Form Factor", "value": "ATX" },
      { "key": "RAM Slots", "value": "4x DDR5" },
      { "key": "M.2 Slots", "value": "3" }
    ],
    "features": ["PCIe 5.0", "WiFi 6E", "USB 4.0"],
    "createdAt": "2024-02-01T10:00:00Z",
    "salesCount": 22
  },
  {
    "id": "p_ram_1",
    "name": "CustomForge Blaze DDR5 32GB",
    "slug": "blaze-ddr5-32gb",
    "sku": "CF-RAM-DDR5-32",
    "brand": "G.Skill",
    "category": "RAM",
    "originalPrice": 12900,
    "discountPercentage": 15,
    "finalPrice": 10965,
    "stock": 45,
    "availability": "In Stock",
    "warranty": "Lifetime",
    "isFeatured": true,
    "isActive": true,
    "ratings": { "average": 4.8, "totalReviews": 156 },
    "images": ["/ram-g-skill-ddr5.jpg"],
    "description": "High-speed DDR5 memory with RGB lighting for ultimate gaming performance.",
    "specifications": [
      { "key": "Capacity", "value": "32GB (2x16GB)" },
      { "key": "Speed", "value": "6000MHz" },
      { "key": "Latency", "value": "CL30" },
      { "key": "Voltage", "value": "1.35V" }
    ],
    "features": ["RGB Lighting", "Intel XMP 3.0", "Aluminum Heatspreader"],
    "createdAt": "2024-01-20T10:00:00Z",
    "salesCount": 67
  },
  {
    "id": "p_storage_1",
    "name": "CustomForge Vortex NVMe 2TB",
    "slug": "vortex-nvme-2tb",
    "sku": "CF-SSD-2TB",
    "brand": "Samsung",
    "category": "Storage",
    "originalPrice": 17900,
    "discountPercentage": 20,
    "finalPrice": 14320,
    "stock": 60,
    "availability": "In Stock",
    "warranty": "5 Years",
    "isFeatured": true,
    "isActive": true,
    "ratings": { "average": 4.9, "totalReviews": 298 },
    "images": ["/ssd-samsung-nvme.jpg"],
    "description": "Ultra-fast PCIe 4.0 NVMe SSD with exceptional read/write speeds.",
    "specifications": [
      { "key": "Capacity", "value": "2TB" },
      { "key": "Read Speed", "value": "7000 MB/s" },
      { "key": "Write Speed", "value": "5100 MB/s" },
      { "key": "Interface", "value": "PCIe 4.0 x4" }
    ],
    "features": ["DRAM Cache", "Hardware Encryption", "Heatsink Included"],
    "createdAt": "2024-01-05T10:00:00Z",
    "salesCount": 89
  },
  {
    "id": "p_psu_1",
    "name": "CustomForge Thunder 850W",
    "slug": "thunder-850w",
    "sku": "CF-PSU-850",
    "brand": "Corsair",
    "category": "PSU",
    "originalPrice": 13900,
    "discountPercentage": 0,
    "finalPrice": 13900,
    "stock": 35,
    "availability": "In Stock",
    "warranty": "10 Years",
    "isFeatured": false,
    "isActive": true,
    "ratings": { "average": 4.7, "totalReviews": 89 },
    "images": ["/psu-corsair-850w.jpg"],
    "description": "80+ Gold certified fully modular power supply for high-end builds.",
    "specifications": [
      { "key": "Wattage", "value": "850W" },
      { "key": "Efficiency", "value": "80+ Gold" },
      { "key": "Modular", "value": "Fully" },
      { "key": "Fan Size", "value": "135mm" }
    ],
    "features": ["Zero RPM Mode", "Japanese Capacitors", "ATX 3.0"],
    "createdAt": "2024-02-10T10:00:00Z",
    "salesCount": 31
  },
  {
    "id": "p_case_1",
    "name": "CustomForge Phantom Tower",
    "slug": "phantom-tower",
    "sku": "CF-CASE-PHT",
    "brand": "NZXT",
    "category": "Case",
    "originalPrice": 15900,
    "discountPercentage": 10,
    "finalPrice": 14310,
    "stock": 20,
    "availability": "In Stock",
    "warranty": "2 Years",
    "isFeatured": true,
    "isActive": true,
    "ratings": { "average": 4.6, "totalReviews": 167 },
    "images": ["/case-nzxt-phantom.jpg"],
    "description": "Mid-tower case with tempered glass and exceptional airflow design.",
    "specifications": [
      { "key": "Form Factor", "value": "Mid Tower" },
      { "key": "Material", "value": "Steel + Tempered Glass" },
      { "key": "GPU Clearance", "value": "400mm" },
      { "key": "Fan Support", "value": "7x 120mm" }
    ],
    "features": ["Tool-less Installation", "USB-C Front Panel", "RGB Controller"],
    "createdAt": "2024-01-25T10:00:00Z",
    "salesCount": 28
  },
  {
    "id": "p_cooling_1",
    "name": "CustomForge Arctic AIO 360",
    "slug": "arctic-aio-360",
    "sku": "CF-COOL-360",
    "brand": "NZXT",
    "category": "Cooling",
    "originalPrice": 19900,
    "discountPercentage": 5,
    "finalPrice": 18905,
    "stock": 15,
    "availability": "In Stock",
    "warranty": "6 Years",
    "isFeatured": true,
    "isActive": true,
    "ratings": { "average": 4.8, "totalReviews": 203 },
    "images": ["/cooler-nzxt-360.jpg"],
    "description": "360mm AIO liquid cooler with LCD display and ARGB fans.",
    "specifications": [
      { "key": "Radiator Size", "value": "360mm" },
      { "key": "Fan Speed", "value": "500-2000 RPM" },
      { "key": "Noise Level", "value": "20-36 dBA" },
      { "key": "Display", "value": "2.36\" LCD" }
    ],
    "features": ["LCD Display", "ARGB Fans", "CAM Software"],
    "createdAt": "2024-02-05T10:00:00Z",
    "salesCount": 56
  },
  {
    "id": "p_gpu_2",
    "name": "CustomForge Inferno RX 7900 XTX",
    "slug": "inferno-rx-7900-xtx",
    "sku": "CF-GPU-7900XTX",
    "brand": "AMD",
    "category": "GPU",
    "originalPrice": 89900,
    "discountPercentage": 8,
    "finalPrice": 82708,
    "stock": 10,
    "availability": "In Stock",
    "warranty": "3 Years",
    "isFeatured": true,
    "isActive": true,
    "ratings": { "average": 4.8, "totalReviews": 145 },
    "images": ["/gpu-amd-7900xtx.jpg"],
    "description": "Flagship AMD GPU for 4K gaming with 24GB VRAM.",
    "specifications": [
      { "key": "VRAM", "value": "24GB GDDR6" },
      { "key": "Boost Clock", "value": "2.5GHz" },
      { "key": "Stream Processors", "value": "6144" },
      { "key": "Power", "value": "355W" }
    ],
    "features": ["FSR 3.0", "Ray Tracing", "DisplayPort 2.1"],
    "createdAt": "2024-01-08T10:00:00Z",
    "salesCount": 52
  },
  {
    "id": "p_cpu_2",
    "name": "CustomForge Phoenix Ryzen 9 7950X",
    "slug": "phoenix-ryzen-9-7950x",
    "sku": "CF-CPU-7950X",
    "brand": "AMD",
    "category": "CPU",
    "originalPrice": 54900,
    "discountPercentage": 12,
    "finalPrice": 48312,
    "stock": 8,
    "availability": "In Stock",
    "warranty": "3 Years",
    "isFeatured": true,
    "isActive": true,
    "ratings": { "average": 4.9, "totalReviews": 178 },
    "images": ["/cpu-amd-ryzen-7950x.jpg"],
    "description": "16-core beast for ultimate productivity and gaming.",
    "specifications": [
      { "key": "Cores", "value": "16" },
      { "key": "Threads", "value": "32" },
      { "key": "Base Clock", "value": "4.5GHz" },
      { "key": "Boost Clock", "value": "5.7GHz" }
    ],
    "features": ["Zen 4 Architecture", "PCIe 5.0", "DDR5 Support"],
    "createdAt": "2024-01-12T10:00:00Z",
    "salesCount": 72
  },
  {
    "id": "p_periph_1",
    "name": "CustomForge Viper Keyboard",
    "slug": "viper-keyboard",
    "sku": "CF-KB-VIPER",
    "brand": "Razer",
    "category": "Peripherals",
    "originalPrice": 14900,
    "discountPercentage": 0,
    "finalPrice": 14900,
    "stock": 50,
    "availability": "In Stock",
    "warranty": "2 Years",
    "isFeatured": false,
    "isActive": true,
    "ratings": { "average": 4.5, "totalReviews": 234 },
    "images": ["/keyboard-razer-viper.jpg"],
    "description": "Mechanical gaming keyboard with optical switches and per-key RGB.",
    "specifications": [
      { "key": "Switch Type", "value": "Optical" },
      { "key": "Polling Rate", "value": "8000Hz" },
      { "key": "Layout", "value": "Full Size" },
      { "key": "Connection", "value": "USB-C" }
    ],
    "features": ["Per-Key RGB", "Wrist Rest", "Macro Keys"],
    "createdAt": "2024-02-15T10:00:00Z",
    "salesCount": 19
  },
  {
    "id": "p_periph_2",
    "name": "CustomForge Striker Mouse",
    "slug": "striker-mouse",
    "sku": "CF-MS-STRIKER",
    "brand": "Logitech",
    "category": "Peripherals",
    "originalPrice": 9900,
    "discountPercentage": 15,
    "finalPrice": 8415,
    "stock": 75,
    "availability": "In Stock",
    "warranty": "2 Years",
    "isFeatured": false,
    "isActive": true,
    "ratings": { "average": 4.7, "totalReviews": 312 },
    "images": ["/mouse-logitech-striker.jpg"],
    "description": "Lightweight wireless gaming mouse with HERO 25K sensor.",
    "specifications": [
      { "key": "Sensor", "value": "HERO 25K" },
      { "key": "DPI", "value": "100-25600" },
      { "key": "Weight", "value": "63g" },
      { "key": "Battery", "value": "70 hours" }
    ],
    "features": ["LIGHTSPEED Wireless", "POWERPLAY Compatible", "Onboard Memory"],
    "createdAt": "2024-02-18T10:00:00Z",
    "salesCount": 41
  }
]
